公司名称,职位名称,工作年限,教育程度,城市,薪资,福利,经度,纬度,公司规模,融资,地铁线
上海均直资产管理有限公司,Python软件开发工程师,1-3年,本科,上海,12k-15k,提供工作餐、绩效奖金、高端商业医疗保险,121.563058,31.206233,15-50人,未融资,2号线_龙阳路;2号线_世纪公园;7号线_龙阳路;磁悬浮_龙阳路
上海慧贤网络科技有限公司,python开发工程师,3-5年,本科,上海,15k-25k,支付宝投资 大平台 注重个人成长,121.432469,31.195635,150-500人,B轮,1号线_徐家汇;3号线_虹桥路;3号线_宜山路;4号线_虹桥路;9号线_徐家汇;9号线_宜山路;10号线_交通大学;10号线_虹桥路;10号线_交通大学;10号线_虹桥路;11号线_交通大学;11号线_徐家汇;11号线_徐家汇;11号线_交通大学
上海估家网络科技有限公司,python开发工程师,1-3年,本科,上海,15k-20k,发展前景；管理权限,121.35361,31.222801,50-150人,B轮,2号线_淞虹路
上海思华科技股份有限公司,Python工程师,3-5年,本科,上海,18K-35K,弹性上班，培训机会，补充医疗，核心团队,121.604806,31.202789,150-500人,D轮及以上,2号线_金科路
普华永道信息技术（上海）有限公司,Python高级开发工程师,3-5年,本科,上海,15k-25k,外企福利 技术前沿,121.602387,31.205212,500-2000人,未融资,2号线_金科路;2号线_张江高科
钱咖网络科技（上海）有限公司,Python开发工程师,3-5年,本科,上海,15k-30k,周末双休 带薪年假 年度体检 季度团建,121.476194,31.194439,50-150人,不需要融资,4号线_鲁班路;4号线_大木桥路;12号线_大木桥路;13号线_世博会博物馆
北京字节跳动科技有限公司,资深Python研发工程师-广告系统,3-5年,本科,上海,20k-35k,六险一金，免费三餐，租房补贴，休闲下午茶,121.387863,31.166936,2000人以上,C轮,9号线_漕河泾开发区;9号线_合川路;12号线_东兰路;12号线_虹梅路
天思（上海）国际贸易有限公司,Python后端高级工程师,3-5年,本科,上海,25k-40k,弹性上下班 健身房会员 免费英文课,121.437866,31.19919,150-500人,不需要融资,1号线_徐家汇;1号线_衡山路;7号线_肇嘉浜路;9号线_肇嘉浜路;9号线_徐家汇;10号线_上海图书馆;10号线_交通大学;10号线_上海图书馆;10号线_交通大学;11号线_交通大学;11号线_徐家汇;11号线_徐家汇;11号线_交通大学
上海善挚信息科技有限公司,Python 工程师,不限,大专,上海,15k-30k,氛围好，补充医疗保险，体检，员工旅游,121.52925,31.224623,15-50人,不需要融资,2号线_世纪大道;4号线_世纪大道;4号线_浦电路(4号线);4号线_蓝村路;6号线_蓝村路;6号线_浦电路(6号线);6号线_世纪大道;6号线_源深体育中心;9号线_世纪大道;9号线_商城路
深圳市金证科技股份有限公司,python开发工程师（上海地区）,1-3年,本科,上海,13k-20k,证券金融上市公司，股权激励,121.58316,31.198617,2000人以上,上市公司,2号线_张江高科
上海荷瑞会展有限公司,高级python工程师,1-3年,大专,上海,8k-10k,五险一金 周末双休 公司旅游,121.37672,31.17676,150-500人,未融资,9号线_合川路;10号线_龙柏新村;10号线_紫藤路
上海斯干网络科技有限公司,Python开发工程师,3-5年,本科,上海,15k-25k,"上升空间,技术大牛,漫展免费进,福利多多",121.392946,31.172462,150-500人,B轮,9号线_漕河泾开发区;9号线_合川路;12号线_虹梅路
全美在线（北京）教育科技股份有限公司,python开发工程师,3-5年,本科,上海,15k-25k,公司正规 团队氛围好 领导好 午餐补助,121.605243,31.2027,500-2000人,上市公司,2号线_金科路
上海进馨网络科技有限公司,Python开发工程师,5-10年,本科,上海,15k-30k,发展前景大、工作氛围好、技术牛人多,121.628188,31.209511,150-500人,C轮,2号线\2号线东延线_广兰路
互道信息技术（上海）有限公司,Python工程师,3-5年,本科,上海,13k-20k,"技术前沿,大数据平台",121.602093,31.199523,50-150人,B轮,2号线_金科路;2号线_张江高科
钱咖网络科技（上海）有限公司,高级Python开发工程师,5-10年,本科,上海,15k-30k,晋升空间大，扁平管理，福利好，待遇佳,,,50-150人,不需要融资,
天思（上海）国际贸易有限公司,Python后端开发工程师,1-3年,本科,上海,15k-30k,弹性上下班 健身房会员 免费英文课,121.437866,31.19919,150-500人,不需要融资,1号线_徐家汇;1号线_衡山路;7号线_肇嘉浜路;9号线_肇嘉浜路;9号线_徐家汇;10号线_上海图书馆;10号线_交通大学;10号线_上海图书馆;10号线_交通大学;11号线_交通大学;11号线_徐家汇;11号线_徐家汇;11号线_交通大学
简阳联盟凯睿企业管理有限公司,python开发,3-5年,本科,上海,15k-30k,发展前景，大牛多，弹性工作，福利待遇好,121.485376,31.237423,150-500人,B轮,1号线_人民广场;2号线_南京东路;2号线_人民广场;8号线_大世界;8号线_人民广场;8号线_曲阜路;10号线_天潼路;10号线_南京东路;10号线_豫园;10号线_天潼路;10号线_南京东路;10号线_豫园;12号线_曲阜路;12号线_天潼路
上海庆科信息技术有限公司,Python开发工程师,1-3年,本科,上海,18k-25k,行业前景好 团队氛围好,121.391865,31.258039,150-500人,B轮,11号线_李子园;11号线_上海西站;11号线_上海西站;11号线_李子园
达而观信息科技（上海）有限公司,python开发工程师,1-3年,本科,上海,12k-18k,AI准独角兽 氛围佳 下午茶 优秀伙伴,121.60245,31.199732,150-500人,B轮,2号线_金科路;2号线_张江高科
上海数旦信息技术有限公司,Python开发工程师,1-3年,本科,上海,10k-20k,"五险一金,股票期权,年终奖金,员工旅游",121.431047,31.160792,15-50人,A轮,1号线_上海南站;1号线_漕宝路;3号线_石龙路;3号线_上海南站;12号线_桂林公园;12号线_漕宝路
德比软件（上海）有限公司,Python 开发工程师,3-5年,本科,上海,15k-25k,"弹性工作时,福利丰富,人性化管理",121.53221,31.21473,150-500人,C轮,2号线_上海科技馆;4号线_浦电路(4号线);4号线_蓝村路;4号线_塘桥;6号线_蓝村路;6号线_浦电路(6号线)
上海谷露软件有限公司,python开发工程师,不限,本科,上海,20k-40k,团队氛围好 成长空间大,121.481062,31.230438,50-150人,A轮,1号线_黄陂南路;1号线_人民广场;2号线_南京东路;2号线_人民广场;8号线_老西门;8号线_大世界;8号线_人民广场;10号线_天潼路;10号线_南京东路;10号线_豫园;10号线_老西门;10号线_天潼路;10号线_南京东路;10号线_豫园;10号线_老西门;12号线_天潼路
矩阵元技术（深圳）有限公司,Python开发工程师,3-5年,本科,上海,18k-25k,"带薪年假,年度体检,月度活动日,节日福利",121.563877,31.212292,50-150人,A轮,2号线_龙阳路;2号线_世纪公园;7号线_龙阳路;磁悬浮_龙阳路
无锡华云数据技术服务有限公司,Python开发工程师-19170G01080,3-5年,本科,上海,18k-28k,"年假病假,各项补贴,团建旅游",121.509931,31.309141,500-2000人,D轮及以上,10号线_殷高东路;10号线_三门路;10号线_江湾体育场;10号线_五角场;10号线_殷高东路;10号线_三门路;10号线_江湾体育场;10号线_五角场
上海合合信息科技发展有限公司,python开发工程师,1-3年,本科,上海,10k-18k,五险一金 弹性工作制,121.439769,31.294568,150-500人,C轮,1号线_汶水路
上海大岂网络科技有限公司,python工程师,5-10年,本科,上海,15k-20k,福利多多 技术大牛多 超长年假,121.427915,31.194555,50-150人,B轮,1号线_徐家汇;3号线_虹桥路;3号线_宜山路;4号线_虹桥路;9号线_徐家汇;9号线_宜山路;10号线_交通大学;10号线_虹桥路;10号线_交通大学;10号线_虹桥路;11号线_交通大学;11号线_徐家汇;11号线_徐家汇;11号线_交通大学
易居（中国）企业管理集团有限公司,python开发工程师,3-5年,本科,上海,15k-25k,Sketch，Photoshop,121.457112,31.278523,2000人以上,上市公司,1号线_延长路;1号线_上海马戏城
东方财富信息股份有限公司,Python开发工程师,3-5年,本科,上海,15k-25k,五险一金、上市公司、职级晋升、定期体检,121.44471,31.195352,2000人以上,上市公司,1号线_徐家汇;1号线_衡山路;4号线_东安路;4号线_上海体育场;7号线_东安路;7号线_肇嘉浜路;9号线_肇嘉浜路;9号线_徐家汇;10号线_上海图书馆;10号线_交通大学;10号线_上海图书馆;10号线_交通大学;11号线_交通大学;11号线_徐家汇;11号线_徐家汇;11号线_交通大学
千言信息技术（上海）有限公司,高级后端开发工程师-Python,5-10年,大专,上海,20k-30k,国际化平台，员工福利好，地点好，鼓励学习,121.457585,31.222057,50-150人,A轮,1号线_常熟路;1号线_陕西南路;1号线_黄陂南路;2号线_南京西路;2号线_静安寺;7号线_常熟路;7号线_静安寺;10号线_陕西南路;10号线_陕西南路;12号线_陕西南路;12号线_南京西路;13号线_南京西路;13号线_淮海中路
达而观信息科技（上海）有限公司,Python开发工程师,3-5年,本科,上海,15k-30k,核心系统 人工智能 专业培训 前沿技术,121.60245,31.199732,150-500人,B轮,2号线_金科路;2号线_张江高科
上海华钦信息科技股份有限公司,python,3-5年,本科,上海,16k-25k,"待遇高,环境好,有前景",121.586706,31.210889,500-2000人,未融资,2号线_张江高科
上海谷露软件有限公司,Python开发工程师,3-5年,本科,上海,20k-25k,五险一金，定期体检，带薪年假，午餐补助,121.481062,31.230438,50-150人,A轮,1号线_黄陂南路;1号线_人民广场;2号线_南京东路;2号线_人民广场;8号线_老西门;8号线_大世界;8号线_人民广场;10号线_天潼路;10号线_南京东路;10号线_豫园;10号线_老西门;10号线_天潼路;10号线_南京东路;10号线_豫园;10号线_老西门;12号线_天潼路
上海道客网络科技有限公司,Python开发工程师 （上海/北京）,3-5年,本科,上海,15k-30k,"15天年假,5天病假,技术氛围,年终多薪",121.51801,31.30932,150-500人,B轮,8号线_翔殷路;8号线_嫩江路;10号线_三门路;10号线_江湾体育场;10号线_五角场;10号线_三门路;10号线_江湾体育场;10号线_五角场
互道信息技术（上海）有限公司,Python高级开发工程师,3-5年,本科,上海,18k-30k,互联网零售革命的推动者,121.602093,31.199523,50-150人,B轮,2号线_金科路;2号线_张江高科
上海昌投网络科技有限公司,python开发工程师,1-3年,本科,上海,15k-25k,"季度旅游,年终奖,投资技能,团队年轻",121.636902,31.222683,150-500人,A轮,
上海宏路数据技术股份有限公司,Python开发工程师,不限,不限,上海,7k-14k,扁平化 成长快 氛围好,121.48917,31.258345,50-150人,上市公司,3号线_东宝兴路;3号线_宝山路;4号线_宝山路;4号线_海伦路;4号线_临平路;10号线_邮电新村;10号线_海伦路;10号线_四川北路;10号线_邮电新村;10号线_海伦路;10号线_四川北路;12号线_国际客运中心
驰勤信息科技（上海）有限责任公司,python开发,3-5年,本科,上海,10k-16k,带薪年假 满年调薪 五险一金,121.503427,31.341112,50-150人,未融资,3号线_淞发路;10号线_新江湾城
上海鲲驰贸易发展有限公司,Python开发工程师,1-3年,本科,上海,10k-20k,"团队大牛多,发展空间大,工作氛围好",121.638481,31.230895,500-2000人,未融资,
特赞（上海）信息科技有限公司,Python开发工程师,3-5年,本科,上海,25k-40k,大牛云集 培训机会 优厚福利 晋升机制,121.453683,31.216094,50-150人,B轮,1号线_衡山路;1号线_常熟路;1号线_陕西南路;2号线_静安寺;7号线_常熟路;7号线_静安寺;10号线_陕西南路;10号线_上海图书馆;10号线_陕西南路;10号线_上海图书馆;12号线_陕西南路;13号线_淮海中路
平安科技（深圳）有限公司,1111PB-Python开发,3-5年,本科,上海,12k-20k,"五险一金,绩效奖金,带薪年假,定期体检",121.520619,31.2333,2000人以上,不需要融资,2号线_世纪大道;2号线_东昌路;4号线_浦东大道;4号线_世纪大道;6号线_世纪大道;6号线_源深体育中心;9号线_世纪大道;9号线_商城路
上海宝尊电子商务有限公司,python开发工程师,1-3年,本科,上海,12k-18k,平台好,121.439595,31.292826,2000人以上,上市公司,1号线_汶水路
上海估家网络科技有限公司,python开发工程师,1-3年,本科,上海,10k-15k,发展前景；管理权限,121.35361,31.222801,50-150人,B轮,2号线_淞虹路
优维科技（深圳）有限公司,Python开发工程师―上海,1-3年,本科,上海,10k-20k,"带薪年假,年度旅游,五险一金",121.532758,31.214791,50-150人,B轮,2号线_上海科技馆;4号线_浦电路(4号线);4号线_蓝村路;4号线_塘桥;6号线_蓝村路;6号线_浦电路(6号线)
上海数旦信息技术有限公司,Python开发高级工程师,3-5年,本科,上海,15k-30k,"年终奖金,五险一金,股票期权,员工旅游",121.431047,31.160792,15-50人,A轮,1号线_上海南站;1号线_漕宝路;3号线_石龙路;3号线_上海南站;12号线_桂林公园;12号线_漕宝路
达而观信息科技（上海）有限公司,高级python开发工程师,3-5年,本科,上海,18k-25k,AI准独角兽 技术氛围浓 优秀伙伴,121.60245,31.199732,150-500人,B轮,2号线_金科路;2号线_张江高科
上海众言网络科技有限公司,python高级开发工程师,3-5年,本科,上海,20k-30k,双休，每年多次调薪，平台大，弹性时间,121.42788,31.19456,150-500人,B轮,1号线_徐家汇;3号线_虹桥路;3号线_宜山路;4号线_虹桥路;9号线_徐家汇;9号线_宜山路;10号线_交通大学;10号线_虹桥路;10号线_交通大学;10号线_虹桥路;11号线_交通大学;11号线_徐家汇;11号线_徐家汇;11号线_交通大学
上海辰沅金融信息服务有限公司,Python工程师,1-3年,本科,上海,13k-26k,"公司环境好,牛人聚集地,扁平化管理,晋升空间大",121.534034,31.217086,15-50人,A轮,2号线_上海科技馆;2号线_世纪大道;4号线_世纪大道;4号线_浦电路(4号线);4号线_蓝村路;6号线_蓝村路;6号线_浦电路(6号线);6号线_世纪大道;9号线_世纪大道
上海炫体信息科技有限公司,Python（年轻人的狂欢）,1-3年,本科,上海,12k-20k,轻松办公环境、无限零食、桌球、乒乓球,121.50743,31.251355,50-150人,不需要融资,4号线_临平路;4号线_大连路;4号线_杨树浦路;12号线_国际客运中心;12号线_提篮桥;12号线_大连路
上海海万信息科技股份有限公司,python工程师,1-3年,大专,上海,8k-15k,"年终奖,过节费,旅游,体检",121.531974,31.224473,500-2000人,不需要融资,2号线_上海科技馆;2号线_世纪大道;4号线_世纪大道;4号线_浦电路(4号线);4号线_蓝村路;6号线_蓝村路;6号线_浦电路(6号线);6号线_世纪大道;6号线_源深体育中心;9号线_世纪大道
上海多赋信息科技有限公司,Python,3-5年,大专,上海,10k-17k,五险一金,121.533756,31.271693,50-150人,不需要融资,8号线_黄兴路;12号线_江浦公园;12号线_宁国路;12号线_隆昌路
通联数据股份公司,Python开发工程师SH,1-3年,本科,上海,15k-25k,"技术氛围浓,办公环境好,团队氛围佳",121.486394,31.248034,150-500人,不需要融资,2号线_南京东路;3号线_东宝兴路;3号线_宝山路;4号线_宝山路;4号线_海伦路;10号线_海伦路;10号线_四川北路;10号线_天潼路;10号线_南京东路;10号线_海伦路;10号线_四川北路;10号线_天潼路;10号线_南京东路;12号线_天潼路;12号线_国际客运中心
上海牛咖信息科技有限公司,python高级开发工程师,1-3年,本科,上海,15k-30k,"技术大牛,弹性工作,领导耐撕,奖金丰厚",121.390442,31.235719,50-150人,A轮,13号线_真北路;13号线_大渡河路
行吟信息科技（上海）有限公司,Python开发工程师,1-3年,本科,上海,20k-40k,"六险一金,年底多薪,租房补贴,发展空间大",121.474421,31.215876,500-2000人,D轮及以上,1号线_陕西南路;1号线_黄陂南路;8号线_陆家浜路;8号线_老西门;8号线_大世界;9号线_陆家浜路;9号线_马当路;9号线_打浦桥;10号线_老西门;10号线_新天地;10号线_陕西南路;10号线_老西门;10号线_新天地;10号线_陕西南路;12号线_陕西南路;13号线_淮海中路;13号线_新天地;13号线_马当路
上海易路软件有限公司,Python高级开发工程师,3-5年,本科,上海,18k-28k,五险一金，加班费，C轮创业，期权激励,121.386397,31.16901,150-500人,B轮,9号线_漕河泾开发区;9号线_合川路;12号线_虹梅路
上海诺诺镑客金融信息服务有限公司,Python高级工程师,5-10年,本科,上海,20k-35k,"交通便利,领导好,水果提供,餐补",121.519043,31.208744,500-2000人,A轮,4号线_蓝村路;4号线_塘桥;6号线_上海儿童医学中心;6号线_蓝村路
搜股（上海）科技有限公司,高级python开发工程师,3-5年,本科,上海,15k-20k,"五险一金,互联网科技,双休",121.438449,31.290987,50-150人,A轮,1号线_汶水路
南京硅基智能科技有限公司,高级python开发工程师,3-5年,本科,上海,20k-35k,节假日福利、绩效奖金、双休、免费午餐,121.5083,31.238449,150-500人,B轮,2号线_东昌路;2号线_陆家嘴;4号线_浦东大道;9号线_商城路
上海谋卓网络科技有限公司,Python高级开发工程师,3-5年,不限,上海,20k-30k,"薪资待遇好,项目稳定,回报优良",121.513713,31.300912,少于15人,不需要融资,10号线_三门路;10号线_江湾体育场;10号线_五角场;10号线_国权路;10号线_三门路;10号线_江湾体育场;10号线_五角场;10号线_国权路
上海寻梦信息技术有限公司,高级Python开发工程师,1-3年,本科,上海,20k-40k,"福利好,大牛多,成长快",121.402636,31.208967,2000人以上,上市公司,2号线_娄山关路;3号线_延安西路;4号线_延安西路;10号线_伊犁路;10号线_水城路;10号线_伊犁路;10号线_水城路
北京小度互娱科技有限公司,Python开发工程师,1-3年,本科,北京,15k-25k,"团队优秀,福利优厚",116.283797,40.044435,150-500人,B轮,
北京瀚海星云科技有限公司,python开发工程师,3-5年,本科,北京,15k-30k,AI领域 前沿技术 专家指导 培训分享,116.296568,40.052451,15-50人,天使轮,13号线_西二旗;昌平线_西二旗
贝壳找房（北京）科技有限公司,Python开发工程师,5-10年,本科,北京,30k-60k,"15薪,13天年假,免费三餐,逢假必过",116.305611,40.04018,2000人以上,D轮及以上,13号线_上地;13号线_西二旗;昌平线_西二旗
北京车之家信息技术有限公司,python工程师,3-5年,本科,北京,15k-25k,"平台好,发展空间大",116.311779,39.979489,2000人以上,上市公司,4号线大兴线_海淀黄庄;4号线大兴线_中关村;4号线大兴线_北京大学东门;10号线_苏州街;10号线_海淀黄庄;10号线_知春里
联想（北京）有限公司,高级Python开发工程师,3-5年,本科,北京,20k-40k,上市公司,116.301317,40.053434,2000人以上,上市公司,13号线_西二旗;昌平线_西二旗
高德软件有限公司,python高级工程师/开发专家,3-5年,本科,北京,25k-50k,发展空间大,116.466554,39.995147,2000人以上,上市公司,13号线_望京西;14号线东段_望京;14号线东段_阜通;15号线_望京;15号线_望京西
达内时代科技集团有限公司,python讲师（少儿编程） (MJ004699),不限,本科,北京,9k-11k,上升空间 专业团队,116.340714,39.966928,2000人以上,上市公司,10号线_知春里;10号线_知春路;13号线_大钟寺;13号线_知春路
北京校苑教育科技有限公司,Python兼职讲师,不限,本科,北京,15k-25k,"团队氛围好,上升空间大,福利优厚",116.347137,40.080199,少于15人,未融资,8号线北段_霍营;8号线北段_回龙观东大街;8号线北段_平西府;13号线_回龙观;13号线_霍营
达而观信息科技（上海）有限公司,高级python开发工程师,3-5年,本科,北京,20k-30k,"大牛团队,技术领先,发展迅速,准独角兽",116.344462,39.976877,150-500人,B轮,10号线_知春里;10号线_知春路;10号线_西土城;13号线_大钟寺;13号线_知春路
北京聚道科技有限公司,python开发工程师（后端开发）,不限,本科,北京,15k-30k,精准医学计算，大数据平台开发，云端开发,116.369471,39.980413,15-50人,B轮,10号线_西土城;10号线_牡丹园;10号线_健德门
北京万象新动移动科技有限公司,Python工程师（NLP方向）,1-3年,本科,北京,10k-18k,上市公司、福利待遇佳、上升空间大,116.43092,39.9328,50-150人,上市公司,2号线_东直门;2号线_东四十条;2号线_朝阳门;5号线_东四;5号线_张自忠路;5号线_北新桥;6号线_朝阳门;6号线_东四;13号线_东直门;机场线_东直门
平安科技（深圳）有限公司,11215N-Python开发工程师,3-5年,本科,北京,15k-30k,"五险一金,带薪年假,节日福利,绩效奖金",116.459085,39.949274,2000人以上,不需要融资,10号线_三元桥;10号线_亮马桥;10号线_农业展览馆;14号线东段_枣营;机场线_三元桥
生仝智能科技（北京）有限公司,python工程师,不限,硕士,北京,14k-20k,集团子公司，新成立团队，前景广阔，,116.512863,39.791831,15-50人,天使轮,亦庄线_万源街;亦庄线_荣京东街;亦庄线_荣昌东街
鲨鱼快游网络技术（北京）有限公司,Python开发工程师,1-3年,本科,北京,15k-25k,五险一金，免费午餐，假日福利，快速成长,116.372349,40.035948,15-50人,天使轮,
北京香侬慧语科技有限责任公司,python开发工程师,1-3年,本科,北京,15k-20k,大牛带队、亿级融资、地铁周边、零食无限,116.311888,39.983618,50-150人,A轮,4号线大兴线_海淀黄庄;4号线大兴线_中关村;4号线大兴线_北京大学东门;10号线_苏州街;10号线_海淀黄庄
北京瀚海星云科技有限公司,Python高级工程师,3-5年,本科,北京,20k-40k,AI领域 前沿技术 专家指导 培训分享,116.296568,40.052451,15-50人,天使轮,13号线_西二旗;昌平线_西二旗
北京车之家信息技术有限公司,pyhton/golang研发工程师,3-5年,本科,北京,20k-30k,"发展空间大,团队氛围好",116.311989,39.979473,2000人以上,上市公司,4号线大兴线_海淀黄庄;4号线大兴线_中关村;4号线大兴线_北京大学东门;10号线_苏州街;10号线_海淀黄庄;10号线_知春里
北京中电广通技术服务有限公司,Python开发工程师,3-5年,本科,北京,10k-20k,"前沿技术,弹性工时,周末双休,五险一金",116.456726,39.927444,50-150人,不需要融资,6号线_呼家楼;6号线_东大桥;10号线_团结湖;10号线_呼家楼;10号线_金台夕照
北京智慧星光信息技术有限公司,python工程师,1-3年,本科,北京,6k-8k,五险一金 全勤奖 交补 定期体检,116.311784,39.984581,500-2000人,不需要融资,4号线大兴线_海淀黄庄;4号线大兴线_中关村;4号线大兴线_北京大学东门;10号线_苏州街;10号线_海淀黄庄
北京流体网络科技有限公司,python开发工程师（广告系统）,3-5年,不限,北京,20k-40k,福利待遇优厚 发展空间大 周末双休,116.417227,40.032034,50-150人,B轮,5号线_北苑路北;5号线_立水桥南
颐邦（北京）医院管理有限公司,Python研发工程师,3-5年,本科,北京,13k-18k,全额五险一金,116.322239,39.992047,少于15人,天使轮,4号线大兴线_中关村;4号线大兴线_北京大学东门;4号线大兴线_圆明园;13号线_五道口
爱笔（北京）智能科技有限公司,Python开发工程师,3-5年,本科,北京,20k-40k,"初创公司,技术驱动",116.197522,40.068612,150-500人,A轮,16号线_稻香湖路
北京升鑫网络科技有限公司,python开发工程师,3-5年,本科,北京,20k-40k,五险一金 不打卡 餐补 弹性工作,116.311429,40.040443,150-500人,B轮,13号线_上地;13号线_西二旗;昌平线_西二旗
北京启明合心科技有限公司,Python开发工程师,1-3年,本科,北京,20k-35k,"大数据处理,自由度大,有挑战,公司午晚餐",116.344462,39.976877,50-150人,B轮,10号线_知春里;10号线_知春路;10号线_西土城;13号线_大钟寺;13号线_知春路
北京智胜新格科技有限公司,Python开发,1-3年,本科,北京,15k-30k,"六险一金,硅谷式办公,绩效奖金,按摩椅",116.338929,39.99939,150-500人,不需要融资,13号线_五道口;15号线_六道口;15号线_清华东路西口
优维科技（深圳）有限公司,python开发工程师,1-3年,本科,北京,11k-20k,高速发展 五险一金 股权激励 腾讯背景,116.465167,40.021153,50-150人,B轮,14号线东段_来广营;14号线东段_东湖渠
北京摩尔宝宝网络科技有限公司,python开发工程师,1-3年,本科,北京,15k-25k,"大牛带队,注重成长,季度奖金,免费午餐",116.477197,39.95616,15-50人,A轮,14号线东段_东风北桥;14号线东段_枣营
云孚科技（北京）有限公司,python研发工程师,不限,本科,北京,8k-16k,"人工智能,成长快,回报快,B2B",116.305895,40.047268,15-50人,不需要融资,13号线_西二旗;昌平线_西二旗
北京博派通达科技有限公司,Python开发工程师（爬虫）,1-3年,大专,北京,12k-20k,"地铁周边,超多大牛,免费茶歇,弹性工作",116.413801,39.977227,50-150人,A轮,5号线_和平西桥;5号线_惠新西街南口;5号线_惠新西街北口;10号线_安贞门;10号线_惠新西街南口
上海淇毓信息科技有限公司,python开发工程师,5-10年,本科,北京,20k-30k,上市公司，发展前景好,116.490707,39.982794,500-2000人,上市公司,14号线东段_望京南;14号线东段_将台
达而观信息科技（上海）有限公司,python开发工程师,1-3年,本科,北京,10k-18k,AI准独角兽 技术氛围佳 前沿产品,116.344462,39.976877,150-500人,B轮,10号线_知春里;10号线_知春路;10号线_西土城;13号线_大钟寺;13号线_知春路
维恩贝特科技有限公司,Python工程师,不限,本科,北京,8k-16k,六险一金 绩效奖金 定期体检,116.354477,39.914086,500-2000人,上市公司,1号线_南礼士路;1号线_复兴门;2号线_复兴门;2号线_阜成门
北京势在必行网络科技有限公司,python开发工程师,3-5年,本科,北京,18k-35k,"年底双薪,午餐补助,休闲餐点,弹性工作",116.310139,39.983446,50-150人,不需要融资,4号线大兴线_海淀黄庄;4号线大兴线_中关村;4号线大兴线_北京大学东门;10号线_苏州街;10号线_海淀黄庄
北京逍遥志科技有限公司,Python研发工程师,3-5年,本科,北京,18k-25k,牛人多，氛围好，发展快,116.43661,39.916105,15-50人,A轮,1号线_建国门;1号线_永安里;2号线_朝阳门;2号线_建国门;2号线_北京站;6号线_东大桥;6号线_朝阳门
北京金堤科技有限公司,python开发工程师,不限,本科,北京,15k-25k,公司业务好，技术氛围好,116.331999,39.977084,150-500人,A轮,4号线大兴线_人民大学;4号线大兴线_海淀黄庄;10号线_海淀黄庄;10号线_知春里;10号线_知春路;13号线_知春路
北大医疗信息技术有限公司,Python开发工程师,1-3年,本科,北京,6k-12k,"五险一金,绩效奖金,年终奖,补充医疗",116.31312,39.984558,500-2000人,不需要融资,4号线大兴线_海淀黄庄;4号线大兴线_中关村;4号线大兴线_北京大学东门;10号线_苏州街;10号线_海淀黄庄
北京影谱科技股份有限公司,python开发工程师,3-5年,本科,北京,15k-30k,七险一金，完善福利体系，领导nice，,116.43673,39.940301,50-150人,上市公司,2号线_东直门;2号线_东四十条;13号线_东直门;机场线_东直门
北京流体网络科技有限公司,python开发工程师,3-5年,本科,北京,15k-30k,五险一金、十七薪＋、团建、年会,116.417227,40.032034,50-150人,B轮,5号线_北苑路北;5号线_立水桥南
乐飞天下信息技术(北京)有限公司,中级Python开发工程师（AK）,3-5年,大专,北京,15k-25k,五险一金 带薪假 海外旅游 节假福利,116.480564,39.905094,150-500人,未融资,1号线_大望路;1号线_四惠;7号线_大郊亭;7号线_九龙山;14号线东段_大望路;14号线东段_九龙山
北京悦慧康科技有限公司,Python开发工程师,1-3年,本科,北京,12k-24k,六险一金 交通补贴 专业培训,116.298804,39.925014,50-150人,未融资,6号线_花园桥;6号线_慈寿寺;10号线_西钓鱼台;10号线_慈寿寺
北京右划网络科技有限公司,高级python开发工程师,3-5年,本科,北京,25k-50k,"大牛云集,工程师文化,一年15薪",116.48233,39.997316,150-500人,B轮,14号线东段_望京;14号线东段_阜通;14号线东段_望京南;15号线_望京东;15号线_望京
华风爱科气象科技（北京）有限公司,Python开发工程师,1-3年,硕士,北京,15k-20k,新的行业，新的起点,116.454645,39.919665,15-50人,不需要融资,1号线_永安里;1号线_国贸;6号线_呼家楼;6号线_东大桥;10号线_呼家楼;10号线_金台夕照;10号线_国贸
前沿驱动（北京）技术有限公司,python开发,1-3年,本科,北京,12k-23k,五险一金、免费班车、餐补、节日福利,116.107148,39.655723,50-150人,A轮,
北京下厨房科技有限公司,Python开发工程师,3-5年,本科,北京,15k-25k,"带薪年假多,免费午餐,弹性工作制",116.372244,40.036528,50-150人,B轮,
颐月信息技术（北京）有限公司,python开发工程师,1-3年,本科,北京,15k-25k,"技术挑战,发展空间,扁平化",116.488953,39.999198,15-50人,A轮,15号线_望京东
非凡维格（北京）信息科技有限公司,python开发工程师,1-3年,本科,北京,15k-30k,"国际产品,弹性工作,开放办公",116.452067,39.914005,15-50人,B轮,1号线_永安里;1号线_国贸;6号线_呼家楼;6号线_东大桥;10号线_呼家楼;10号线_金台夕照;10号线_国贸
中电太极（集团）有限公司,Python开发工程师,3-5年,本科,北京,15k-30k,福利待遇佳，发展空间大,116.374262,39.988638,2000人以上,不需要融资,10号线_牡丹园;10号线_健德门
北京明日虫洞科技有限公司,Python,1-3年,本科,北京,15k-30k,技术团队牛人多&nbsp;核心人员背景强&nbsp;福利好,116.316341,39.977678,50-150人,C轮,4号线大兴线_人民大学;4号线大兴线_海淀黄庄;4号线大兴线_中关村;10号线_苏州街;10号线_海淀黄庄;10号线_知春里
北京币世界网络科技有限公司,python开发工程师,3-5年,本科,北京,17k-34k,五险一金 地铁周边,116.489249,39.999156,150-500人,A轮,15号线_望京东
乐飞天下信息技术(北京)有限公司,Python中高级开发工程师,3-5年,大专,北京,15k-28k,五险一金 带薪假 海外旅游 节假福利,116.480564,39.905094,150-500人,未融资,1号线_大望路;1号线_四惠;7号线_大郊亭;7号线_九龙山;14号线东段_大望路;14号线东段_九龙山
北京汇行科技有限公司,Python开发工程师-供应链开发,3-5年,不限,北京,15k-25k,七险一金；大牛带队；上升空间,116.41498,39.948005,150-500人,B轮,2号线_安定门;2号线_雍和宫;5号线_北新桥;5号线_雍和宫;5号线_和平里北街
北京爱特曼科技有限公司,Django研发工程师,1-3年,本科,北京,15k-25k,大牛带队 免费零食 带薪年假,116.374569,40.009393,15-50人,A轮,8号线北段_林萃桥;15号线_北沙滩
北京五八到家信息技术有限公司,Python开发工程师,3-5年,大专,北京,13k-25k,健身房、创业公司,116.416728,40.039781,2000人以上,D轮及以上,5号线_北苑路北;5号线_立水桥南
北京高鸿兴科信息技术有限公司武汉分公司,高级python开发工程师,5-10年,本科,北京,15k-18k,"福利健全,外包岗,五险一金",116.356239,39.979887,50-150人,不需要融资,10号线_知春路;10号线_西土城;10号线_牡丹园;13号线_知春路
北京微步在线科技有限公司,python开发工程师,1-3年,本科,北京,15k-30k,"期权激励,晋升空间,带薪年假,人文关怀",116.308105,39.978662,50-150人,B轮,4号线大兴线_海淀黄庄;4号线大兴线_中关村;10号线_苏州街;10号线_海淀黄庄
北京钱方银通科技有限公司,python开发工程师,3-5年,本科,北京,13k-26k,五险一金、双休、餐补,116.480281,39.996324,150-500人,B轮,14号线东段_望京;14号线东段_阜通;14号线东段_望京南;15号线_望京东;15号线_望京
北京瑞莱智慧科技有限公司,资深Python工程师,不限,本科,北京,18k-36k,"大牛带队,扁平化管理,弹性工作,高日薪",116.311792,40.036443,15-50人,天使轮,13号线_上地
北京轻松筹网络科技有限公司,python开发工程师（运维方向）-JS,3-5年,本科,北京,15k-25k,技术大咖 五险一金 绩效奖金,116.420161,39.948978,500-2000人,C轮,2号线_安定门;2号线_雍和宫;5号线_北新桥;5号线_雍和宫;5号线_和平里北街;13号线_柳芳
北京凌云雀科技有限公司,Python,不限,本科,北京,13k-25k,"前沿科技,靠谱团队,工程师文化,H1B计划",116.314261,39.98377,150-500人,B轮,4号线大兴线_海淀黄庄;4号线大兴线_中关村;4号线大兴线_北京大学东门;10号线_苏州街;10号线_海淀黄庄;10号线_知春里
广州回头车信息科技有限公司,python工程师,1-3年,大专,广州,10k-15k,"期权激励,五险一金,带薪年假,弹性工作",113.400876,23.119794,50-150人,A轮,4号线_车陂;4号线_车陂南;5号线_车陂南;5号线_东圃
武汉佰钧成技术有限责任公司,Java/python开发,1-3年,本科,广州,8k-15k,六险一金 年终奖 地铁口附近 高并发项目,113.3704,23.123165,2000人以上,不需要融资,5号线_员村;5号线_科韵路
广州战英网络科技有限公司,python开发工程师,3-5年,大专,广州,10k-18k,"周末双休,年底双薪,五险一金",113.373059,23.125725,50-150人,天使轮,5号线_员村;5号线_科韵路
广州微宽信息技术有限公司,Python开发工程师,3-5年,大专,广州,15k-20k,五险一金、奖金、带薪年假、年终奖,113.315529,23.073875,15-50人,天使轮,3号线_大塘
广州西洋汇信息技术有限公司,Python工程师,3-5年,本科,广州,10k-20k,不加班，技术氛围浓，发展机会大,113.31559,23.073952,50-150人,不需要融资,3号线_大塘
优维科技（深圳）有限公司,Python开发-广州,3-5年,本科,广州,10k-18k,"BAT系,年底奖金,氛围好",113.372479,23.126138,50-150人,B轮,5号线_员村;5号线_科韵路
广州经传多赢投资咨询有限公司,量化平台开发工程师-Python【珠江新城】,3-5年,本科,广州,15k-25k,"成熟团队,快速兑现,技术大牛多,氛围活跃",113.316446,23.125554,2000人以上,不需要融资,1号线_杨箕;1号线_体育西路;3号线_珠江新城;3号线_体育西路;3号线(北延段)_体育西路;5号线_动物园;5号线_杨箕;5号线_五羊;5号线_珠江新城;APM线_大剧院;APM线_花城大道;APM线_妇儿中心;APM线_黄埔大道;APM线_天河南;APM线_体育中心南
广府数字（深圳）股份有限公司,Python工程师,不限,大专,广州,12k-18k,"打造千万级,原始股权,公司核心骨,报酬丰厚",113.382276,23.12053,15-50人,未融资,4号线_车陂;4号线_车陂南;5号线_科韵路;5号线_车陂南
暗物质（北京）智能科技有限公司,机器学习研发工程师-Python,1-3年,硕士,广州,20k-35k,极快速发展、空间大,113.546386,22.793742,50-150人,A轮,4号线_金洲;4号线_飞沙角
广州泉涌信息科技有限公司,python高级开发,5-10年,不限,广州,18k-35k,福利待遇好 团队氛围好 数据量大,113.320539,23.135482,15-50人,不需要融资,1号线_杨箕;1号线_体育西路;1号线_体育中心;3号线_体育西路;3号线_石牌桥;3号线(北延段)_林和西;3号线(北延段)_体育西路;5号线_动物园;5号线_杨箕;APM线_妇儿中心;APM线_黄埔大道;APM线_天河南;APM线_体育中心南;APM线_林和西
青岛英联艺术传媒有限公司,Python高级开发工程师,3-5年,本科,广州,15k-26k,高效团队,113.244207,23.097062,50-150人,未融资,1号线_芳村;6号线_文化公园
广州小鹏汽车科技有限公司,Python开发高级/资深工程师/专家,3-5年,不限,广州,20k-40k,福利待遇，发展前景,113.387676,23.159737,2000人以上,B轮,
广州卓动信息科技有限公司,Python后端工程师,1-3年,本科,广州,12k-24k,"福利好,待遇优,团队强",113.373059,23.125725,150-500人,不需要融资,5号线_员村;5号线_科韵路
广州南天电脑系统有限公司,pyhton运维开发工程师,3-5年,大专,广州,8k-15k,"五险一金,年终奖金,带薪年假,周末双休",113.37262,23.12415,500-2000人,上市公司,5号线_员村;5号线_科韵路
广州新得信息科技有限公司,python开发工程师,1-3年,不限,广州,15k-30k,"发展空间大,股权激励,人性化管理,前景好",113.240697,23.182652,少于15人,天使轮,
武汉佰钧成技术有限责任公司,python开发,1-3年,本科,广州,13k-18k,python ELK,113.370459,23.123357,2000人以上,不需要融资,5号线_员村;5号线_科韵路
广府数字（深圳）股份有限公司,ＰＨＰ兼 Python 开发工程师,不限,大专,广州,13k-18k,"打造千万级,原始股权,公司核心骨,报酬丰厚",113.382276,23.12053,15-50人,未融资,4号线_车陂;4号线_车陂南;5号线_科韵路;5号线_车陂南
上海莱壳企业管理有限公司,Python开发工程师,1-3年,本科,广州,20k-40k,牛人多 交通补贴 餐补 绩效奖 海外旅游,113.37322,23.126291,150-500人,B轮,5号线_科韵路
广州市驴迹科技有限责任公司,高级python后端,5-10年,大专,广州,15k-25k,"双休,准上市,领导好",113.404072,23.164822,150-500人,C轮,
网易（杭州）有限公司,python开发工程师,不限,本科,广州,16k-25k,6险1金，带薪年假，免费猪厂食堂，16薪,113.37322,23.126291,2000人以上,上市公司,5号线_科韵路
广州大世信息科技有限公司,python开发,3-5年,大专,广州,10k-20k,五险一金；带薪年假；包餐；下午茶福利,113.327311,23.121573,15-50人,未融资,1号线_体育西路;1号线_体育中心;3号线_珠江新城;3号线_体育西路;3号线_石牌桥;3号线(北延段)_体育西路;5号线_五羊;5号线_珠江新城;5号线_猎德;APM线_海心沙;APM线_大剧院;APM线_花城大道;APM线_妇儿中心;APM线_黄埔大道;APM线_天河南;APM线_体育中心南
广州酷码教育咨询有限公司,Python讲师/助教,不限,大专,广州,5k-8k,"五险一金,创业公司,节日福利,绩效奖金",113.331793,23.132012,150-500人,A轮,1号线_体育西路;1号线_体育中心;3号线_体育西路;3号线_石牌桥;3号线_岗顶;3号线(北延段)_林和西;3号线(北延段)_体育西路;APM线_妇儿中心;APM线_黄埔大道;APM线_天河南;APM线_体育中心南;APM线_林和西
广州创思信息技术有限公司,Python开发工程师,1-3年,本科,广州,15k-20k,"企业五百人,一日三餐,项目高大上,平台大",113.335629,23.151049,500-2000人,未融资,1号线_广州东站;3号线(北延段)_燕塘;3号线(北延段)_广州东站;6号线_燕塘
广州点亿汽车科技服务有限公司,python开发工程师,3-5年,大专,广州,15k-20k,五险、福利待遇高、发展前景好、上升空间快,113.380238,23.00326,50-150人,天使轮,
广州美亚尚途国际旅行社有限公司,Python开发工程师,1-3年,大专,广州,6k-12k,"五险一金,带薪年假,绩效奖金,年底双薪",113.318555,23.162266,150-500人,不需要融资,1号线_广州东站;3号线(北延段)_梅花园;3号线(北延段)_燕塘;3号线(北延段)_广州东站;6号线_燕塘;6号线_天平架
广州酷旅旅行社有限公司,python开发,1-3年,本科,广州,10k-18k,互联网旅游 D轮 晋升机会大,113.37385,23.124105,500-2000人,D轮及以上,5号线_员村;5号线_科韵路
广州乐顽科技有限公司,Python开发工程师,1-3年,本科,广州,8k-13k,"年终奖,项目奖,五险一金,晋升空间",113.369721,22.936378,15-50人,不需要融资,
上海中软华腾软件系统有限公司,Python开发工程师,3-5年,本科,广州,10K-20K,"外企环境,周末双休法,氛围nice",113.332464,23.134217,2000人以上,上市公司,1号线_体育西路;1号线_体育中心;3号线_体育西路;3号线_石牌桥;3号线_岗顶;3号线_华师;3号线(北延段)_林和西;3号线(北延段)_体育西路;APM线_黄埔大道;APM线_天河南;APM线_体育中心南;APM线_林和西
广州达美智能科技有限公司,python开发工程师,不限,本科,广州,6k-12k,五险一金周末双休年底双薪带薪年假员工旅游,113.321881,23.12608,50-150人,A轮,1号线_杨箕;1号线_体育西路;1号线_体育中心;3号线_珠江新城;3号线_体育西路;3号线_石牌桥;3号线(北延段)_体育西路;5号线_杨箕;5号线_五羊;5号线_珠江新城;5号线_猎德;APM线_大剧院;APM线_花城大道;APM线_妇儿中心;APM线_黄埔大道;APM线_天河南;APM线_体育中心南
广州好邻居网络科技有限公司,高级python开发工程师,3-5年,本科,广州,20k-30k,双休，五险一金，期权,113.321771,23.125873,50-150人,A轮,1号线_杨箕;1号线_体育西路;1号线_体育中心;3号线_珠江新城;3号线_体育西路;3号线_石牌桥;3号线(北延段)_体育西路;5号线_杨箕;5号线_五羊;5号线_珠江新城;5号线_猎德;APM线_大剧院;APM线_花城大道;APM线_妇儿中心;APM线_黄埔大道;APM线_天河南;APM线_体育中心南
武汉佰钧成技术有限责任公司,python\Java（数据采集）,3-5年,本科,广州,15k-20k,"办公环境好,双休,六险一金，外企环境",113.373059,23.125725,2000人以上,不需要融资,5号线_员村;5号线_科韵路
广州大世信息科技有限公司,高级python开发,5-10年,本科,广州,15k-25k,五险一金；带薪年假；包餐；下午茶福利,113.327311,23.121573,15-50人,未融资,1号线_体育西路;1号线_体育中心;3号线_珠江新城;3号线_体育西路;3号线_石牌桥;3号线(北延段)_体育西路;5号线_五羊;5号线_珠江新城;5号线_猎德;APM线_海心沙;APM线_大剧院;APM线_花城大道;APM线_妇儿中心;APM线_黄埔大道;APM线_天河南;APM线_体育中心南
广州市电声营销策划有限公司,Python开发工程师,3-5年,本科,广州,12k-18k,"工作环境优,弹性工时,扁平化管理",113.402231,23.093264,500-2000人,未融资,
广州嘉为科技有限公司,python开发工程师,1-3年,本科,广州,8k-10k,"五险一金,年底双薪,绩效奖金,免费培训",113.344999,23.124584,150-500人,未融资,3号线_岗顶;5号线_猎德;5号线_潭村
广州天锐医健信息科技有限公司,python工程师,1-3年,大专,广州,6k-10k,五险一金，年奖金,113.431336,23.163417,50-150人,未融资,
广州市殷赋信息科技有限公司,Python开发工程师（兼职）,1-3年,大专,广州,5k-8k,待遇优厚,113.334469,22.991675,少于15人,未融资,3号线_汉溪长隆;7号线_汉溪长隆
广州英荔教育科技有限公司,Python软件工程师,1-3年,本科,广州,9k-15k,双休 带薪假 年假 晋升大 妹子多 气氛融洽,113.3246649,23.14153143,15-50人,不需要融资,1号线_体育西路;1号线_体育中心;1号线_广州东站;3号线_体育西路;3号线_石牌桥;3号线(北延段)_广州东站;3号线(北延段)_林和西;3号线(北延段)_体育西路;APM线_天河南;APM线_体育中心南;APM线_林和西
广州哆啦科技有限公司,Python爬虫工程师,1-3年,本科,广州,15k-30k,期权激励 绩效奖金 扁平管理 五险一金,113.342784,23.098431,2000人以上,C轮,8号线_赤岗;8号线_磨碟沙;8号线_新港东
广州优飞信息科技有限公司,python开发,1-3年,本科,广州,10k-20k,双休 五险一金 朝九晚六 午休2小时,113.384275,23.118526,50-150人,未融资,4号线_车陂;4号线_车陂南;5号线_科韵路;5号线_车陂南
广州易度网络信息有限公司,Python开发工程师,不限,不限,广州,6k-10k,创新团队，规范管理，全面提升,113.370896,23.124987,15-50人,未融资,5号线_员村;5号线_科韵路
广州国交润万交通信息有限公司,python开发,1年以下,本科,广州,6k-12k,双休 年度旅游 年度体检 五险一金,113.37778,23.129456,50-150人,未融资,5号线_科韵路
南京厚建云计算有限公司广州分公司,Python实习,应届毕业生,本科,广州,2k-3k,综合性的技能提升，扁平化管理,113.319813,23.033012,50-150人,不需要融资,3号线_厦
网易（杭州）有限公司,python服务端开发工程师,不限,本科,广州,15k-30k,"平台大,福利好,待遇优,16薪",113.372708,23.126478,2000人以上,上市公司,5号线_科韵路
广东珠江智联信息科技股份有限公司,python实习生,应届毕业生,本科,广州,2k-3k,实习机会 零食,113.371047,23.099756,500-2000人,不需要融资,4号线_万胜围;8号线_新港东;8号线_琶洲;8号线_万胜围
北京搜狐新媒体信息技术有限公司,Python开发实习生,应届毕业生,不限,广州,2k-3k,"发展空间大,工作氛围好,福利待遇好",113.321796,23.117487,2000人以上,上市公司,3号线_广州塔;3号线_珠江新城;5号线_五羊;5号线_珠江新城;5号线_猎德;APM线_海心沙;APM线_大剧院;APM线_花城大道;APM线_妇儿中心;APM线_黄埔大道
广州哆啦科技有限公司,资深Python爬虫工程师,3-5年,本科,广州,25k-50k,期权激励 绩效奖金 扁平管理 五险一金,113.342784,23.098431,2000人以上,C轮,8号线_赤岗;8号线_磨碟沙;8号线_新港东
广州洋葱头信息科技有限公司,Python web开发工程师,3-5年,本科,广州,8k-15k,免费学技术类课程和来自BAT的讲师交流,113.40089,23.12071,15-50人,不需要融资,4号线_车陂;4号线_车陂南;5号线_车陂南;5号线_东圃
广州佰锐网络科技有限公司,Python机器学习工程师,3-5年,本科,广州,12k-20k,人工智能、机器学习,113.372605,23.123317,50-150人,未融资,5号线_员村;5号线_科韵路
广州德利信息科技有限公司,Python web高级工程师,3-5年,本科,广州,12k-24k,Python,0,0,少于15人,A轮,
广州软博信息科技有限公司,Java/Python算法工程师,不限,本科,广州,6k-8k,数据分析方向、五险一金,113.324324,23.006161,少于15人,未融资,3号线_大石
广州潮汐信息科技有限公司,python后端,3-5年,本科,广州,10k-18k,带队能力、业绩分红权,113.404545,23.120646,少于15人,未融资,4号线_车陂;5号线_东圃
广州信言科技有限公司,GO语言（接受其他后台语言）,1-3年,大专,广州,12k-20k,社交产品 团队氛围 福利齐全 双休,113.374883,23.141598,15-50人,不需要融资,
广州君海网络科技有限公司,cocos2d-x开发工程师,3-5年,本科,广州,10k-20k,"包午晚餐,优秀团队,上市公司,福利完善",113.35755,23.098189,150-500人,上市公司,8号线_新港东;8号线_琶洲
广州财略金融信息科技有限公司,后端开发工程师,1-3年,大专,广州,8k-14k,双休，团队氛围好，扁平化管理，发展空间大,113.32285,23.09344,50-150人,A轮,3号线_客村;3号线_广州塔;8号线_客村;8号线_赤岗
广州力挚网络科技有限公司,资深/高级研发工程师(运营中心向),5-10年,本科,广州,15k-25k,"周末双休,海外旅游,带薪年假,年终奖金",113.32825,23.148125,500-2000人,C轮,1号线_体育中心;1号线_广州东站;3号线(北延段)_燕塘;3号线(北延段)_广州东站;3号线(北延段)_林和西;6号线_燕塘;6号线_天平架;APM线_林和西
广州汇量信息科技有限公司,高级前端开发工程师,不限,大专,广州,13k-23k,环境舒适，弹性工作时间，包三餐下午茶,113.331829,23.115805,500-2000人,上市公司,3号线_广州塔;3号线_珠江新城;5号线_珠江新城;5号线_猎德;5号线_潭村;APM线_海心沙;APM线_大剧院;APM线_花城大道;APM线_妇儿中心;APM线_黄埔大道
广州华多网络科技有限公司,高级开发工程师（大数据平台） (MJ001573),3-5年,本科,广州,25k-50k,"福利多,平台大",113.34934,23.007035,2000人以上,上市公司,7号线_南村万博
西安贝业思数据智能技术服务有限公司,数据开发工程师,3-5年,不限,广州,11k-18k,"股权激励,五险一金,算法牛人,扁平管理",113.438706,23.165415,15-50人,不需要融资,
广州市果肉教育科技有限公司,数据开发工程师,1-3年,本科,广州,12k-24k,前瞻性产品 福利待遇好 成长速度快,113.262984,23.124995,150-500人,不需要融资,1号线_西门口;1号线_公园前;1号线_农讲所;2号线_海珠广场;2号线_公园前;2号线_纪念堂;6号线_北京路;6号线_海珠广场;6号线_一德路
广州市驴迹科技有限责任公司,高级后端工程师,5-10年,大专,广州,15k-25k,"双休,准上市,领导好",113.404072,23.164822,150-500人,C轮,
深圳市客路网络科技有限公司,Python工程师,1-3年,本科,深圳,10k-20k,"国际化平台,环境舒适,好玩有趣",114.030219,22.533263,500-2000人,D轮及以上,1号线/罗宝线_香蜜湖;1号线/罗宝线_车公庙;7号线_农林;7号线_车公庙;7号线_上沙;9号线_下沙;9号线_车公庙;11号线/机场线_车公庙
深圳市彼图恩科技有限公司,python,5-10年,博士,深圳,1k-2k,弹性工作,113.935394,22.524003,50-150人,上市公司,1号线/罗宝线_桃园;2号线/蛇口线_后海;2号线/蛇口线_科苑;11号线/机场线_南山;11号线/机场线_后海
深圳市和讯华谷信息技术有限公司,Python后台开发工程师,3-5年,本科,深圳,15k-25k,上市公司、技术氛围好、弹性工作制,113.908605,22.549206,500-2000人,上市公司,1号线/罗宝线_新安
岩心科技（深圳）有限公司,Python后台开发/数据平台/Senior,3-5年,本科,深圳,15k-30k,"牛逼的伙伴,专注的开发,舒服的氛围,薪酬待遇",113.943847,22.529055,500-2000人,D轮及以上,1号线/罗宝线_深大;2号线/蛇口线_后海;2号线/蛇口线_科苑;11号线/机场线_后海
深圳点猫科技有限公司,Python后端开发工程师,1-3年,本科,深圳,12k-18k,发展空间大，五险一金全额缴纳，餐补,113.84623,22.597811,500-2000人,B轮,1号线/罗宝线_固戍
深信服科技股份有限公司,高级python开发工程师,1-3年,本科,深圳,11k-20k,前景好,114.004324,22.593051,2000人以上,不需要融资,5号线/环中线_塘朗;5号线/环中线_长岭陂
达而观信息科技（上海）有限公司,高级python开发工程师,3-5年,本科,深圳,18k-22k,"人工智能,准独角兽,技术氛围浓,发展空间",113.952802,22.539255,150-500人,B轮,1号线/罗宝线_白石洲;1号线/罗宝线_高新园;1号线/罗宝线_深大
深圳市贝多分金融科技有限公司,python开发工程师,3-5年,大专,深圳,15k-25k,互联网金融,114.021205,22.531381,50-150人,A轮,1号线/罗宝线_车公庙;1号线/罗宝线_竹子林;7号线_农林;7号线_车公庙;9号线_下沙;9号线_车公庙;11号线/机场线_车公庙
心灵失重（北京）科技有限公司,Python,3-5年,本科,深圳,15k-30k,老司机来开车,113.9441638,22.55322309,150-500人,A轮,
弘量科技（深圳）有限公司,Python工程师,3-5年,本科,深圳,15k-30k,"互联网金融,智能投顾,弹性工作",113.952906,22.541617,50-150人,B轮,1号线/罗宝线_白石洲;1号线/罗宝线_高新园;1号线/罗宝线_深大
深圳市杉岩数据技术有限公司,Python开发工程师,1-3年,本科,深圳,10k-20k,"扁平化管理,发展空间大",113.992977,22.589488,50-150人,B轮,5号线/环中线_塘朗
深圳市零壹移动互联系统有限公司,python开发工程师,3-5年,本科,深圳,15k-25k,人工智能 深度学习 车辆,114.066286,22.603451,150-500人,B轮,
深圳市一面网络技术有限公司,Python 工程师（产品研发）,1-3年,本科,深圳,10k-20k,大数据人工智能；名校系大牛；技术氛围浓,113.939945,22.54064,50-150人,A轮,1号线/罗宝线_高新园;1号线/罗宝线_深大
深圳佑驾创新科技有限公司,Python开发工程师,1-3年,本科,深圳,15k-30k,"自动驾驶,海归团队,弹性办公",113.959018,22.541668,150-500人,A轮,1号线/罗宝线_白石洲;1号线/罗宝线_高新园
北京市商汤科技开发有限公司,python开发工程师,3-5年,本科,深圳,20k-40k,餐补，AI独角兽,113.920038,22.494927,2000人以上,C轮,2号线/蛇口线_海上世界;2号线/蛇口线_水湾;2号线/蛇口线_东角头
深圳市客路网络科技有限公司,高级Python工程师,3-5年,本科,深圳,15k-30k,"国际化平台,环境舒适,好玩有趣",114.030219,22.533263,500-2000人,D轮及以上,1号线/罗宝线_香蜜湖;1号线/罗宝线_车公庙;7号线_农林;7号线_车公庙;7号线_上沙;9号线_下沙;9号线_车公庙;11号线/机场线_车公庙
深圳市易博天下科技有限公司,Python开发工程师,1-3年,大专,深圳,13k-25k,平台好 高速增长 股票期权 创业团队,113.940105,22.523096,150-500人,上市公司,2号线/蛇口线_后海;2号线/蛇口线_科苑;11号线/机场线_后海
达而观信息科技（上海）有限公司,python开发工程师,1-3年,本科,深圳,10k-18k,AI准独角兽 技术氛围佳 优秀伙伴,113.952802,22.539255,150-500人,B轮,1号线/罗宝线_白石洲;1号线/罗宝线_高新园;1号线/罗宝线_深大
深圳美西西餐饮管理有限公司,python开发工程师,3-5年,本科,深圳,15k-25k,待遇好，平台大，氛围好,113.941993,22.519366,2000人以上,B轮,2号线/蛇口线_登良;2号线/蛇口线_后海;2号线/蛇口线_科苑;11号线/机场线_后海
深圳市乐易网络股份有限公司,python开发工程师,1-3年,本科,深圳,8k-16k,丰厚年终，两次旅游，两次调薪,113.94604,22.533413,150-500人,不需要融资,1号线/罗宝线_高新园;1号线/罗宝线_深大;2号线/蛇口线_科苑
深圳市浩海云科技有限公司,python开发工程师,1-3年,大专,深圳,12k-20k,福利待遇、发展空间、项目奖励、团队期权,114.004741,22.594189,15-50人,A轮,5号线/环中线_塘朗;5号线/环中线_长岭陂
深圳市博悦科创科技有限公司,python开发工程师,1-3年,本科,深圳,10k-14k,五险一金 入职体检 年终奖,114.070226,22.556923,500-2000人,不需要融资,3号线/龙岗线_少年宫;3号线/龙岗线_莲花村;4号线/龙华线_少年宫;4号线/龙华线_莲花北;9号线_I岭
深圳市长亮科技股份有限公司,python开发工程师（运维开发）,不限,本科,深圳,10k-20k,"技术大牛,氛围好,技术前沿",113.941145,22.545135,2000人以上,上市公司,1号线/罗宝线_高新园;1号线/罗宝线_深大
嘉联支付有限公司,Python开发工程师,1-3年,本科,深圳,15k-20k,福利好；氛围好；领导好,113.952142,22.530852,500-2000人,未融资,1号线/罗宝线_高新园;1号线/罗宝线_深大;2号线/蛇口线_科苑
风变科技（深圳）有限公司,Python工程师（运维方向）,1-3年,本科,深圳,10k-20k,"百万级用户,数据驱动,科技前沿,高效工作",113.946882,22.546157,150-500人,A轮,1号线/罗宝线_高新园;1号线/罗宝线_深大
深圳松茂科技有限公司,Python开发工程师,1-3年,本科,深圳,8k-13k,5天7小时，年终奖，境外旅游，技术分享,113.91389,22.540677,50-150人,不需要融资,1号线/罗宝线_桃园;1号线/罗宝线_大新;1号线/罗宝线_鲤鱼门
广东盛迪嘉电子商务股份有限公司,python开发工程师,3-5年,本科,深圳,15k-20k,高薪酬、高福利、职业生涯规划,113.94008,22.541297,500-2000人,不需要融资,1号线/罗宝线_高新园;1号线/罗宝线_深大
深圳云天励飞技术有限公司,Python开发工程师(J10047),3-5年,不限,深圳,15k-25k,人工智能,114.096167,22.542356,500-2000人,B轮,1号线/罗宝线_大剧院;1号线/罗宝线_大剧院;1号线/罗宝线_科学馆;1号线/罗宝线_华强路;2号线/蛇口线_华强北;2号线/蛇口线_燕南;2号线/蛇口线_大剧院;3号线/龙岗线_华新;3号线/龙岗线_通新岭;3号线/龙岗线_红岭;7号线_华强南;7号线_华强北;7号线_华新;9号线_红岭;9号线_红岭南;9号线_鹿丹村
上海奥飞游戏有限公司,Python开发工程师,1-3年,大专,深圳,6k-10k,福利好、工作氛围活跃，老板很nice,113.93638,22.543562,150-500人,A轮,1号线/罗宝线_深大
凡顶科技（深圳）有限公司,python开发,不限,不限,深圳,18k-35k,同比同行薪酬丰厚，晋升渠道完善,113.84724,22.595013,50-150人,未融资,1号线/罗宝线_固戍
广州奇志信息科技有限公司,python开发工程师,1-3年,本科,深圳,10k-20k,JS; 跨平台；WebGL 开发,113.949095,22.542919,15-50人,A轮,1号线/罗宝线_高新园;1号线/罗宝线_深大
北京国双科技有限公司,资深python研发工程师,5-10年,本科,深圳,20k-40k,上市公司 发挥空间 折腾技术 牛人多,114.06857,22.54357,500-2000人,上市公司,1号线/罗宝线_岗厦;1号线/罗宝线_会展中心;2号线/蛇口线_市民中心;2号线/蛇口线_岗厦北;3号线/龙岗线_少年宫;3号线/龙岗线_莲花村;4号线/龙华线_会展中心;4号线/龙华线_市民中心;4号线/龙华线_少年宫
深圳市易博天下科技有限公司,资深Python开发工程师,5-10年,大专,深圳,20k-28k,平台好，上市公司，周末双休，高速增长,113.936516,22.543537,150-500人,上市公司,1号线/罗宝线_深大
深圳前海联易融金融服务有限公司,Python开发工程师,不限,本科,深圳,13k-25k,六险一金;弹性办公;福利满满;风口行业,113.94483,22.537843,150-500人,C轮,1号线/罗宝线_高新园;1号线/罗宝线_深大;2号线/蛇口线_科苑
深圳前海农产品交易所股份有限公司,Python工程师,3-5年,大专,深圳,15k-30k,激情团队,113.953879,22.528197,50-150人,不需要融资,1号线/罗宝线_高新园;2号线/蛇口线_科苑
腾讯科技（深圳）有限公司,python开发工程师,3-5年,本科,深圳,20k-40k,架构设计，项目锻炼，职业成长,113.952731,22.535766,2000人以上,上市公司,1号线/罗宝线_高新园;1号线/罗宝线_深大;2号线/蛇口线_科苑
平安科技（深圳）有限公司,112145-资深容器python开发,5-10年,本科,深圳,15k-30k,"五险一金,绩效奖金",113.993578,22.99368,2000人以上,不需要融资,
富途网络科技（深圳）有限公司,高级DevOps开发工程师/python,3-5年,不限,深圳,15k-30k,"腾讯系团队,扁平管理,六险一金",113.943735,22.547834,500-2000人,上市公司,1号线/罗宝线_高新园;1号线/罗宝线_深大
深圳市彬讯科技有限公司,python开发工程师,1-3年,本科,深圳,13k-20k,周末双休 带薪年假,113.933274,22.54156,500-2000人,C轮,1号线/罗宝线_深大;1号线/罗宝线_桃园
万科物业发展股份有限公司,高级Python开发工程师,3-5年,本科,深圳,15k-30k,结构扁平 五险一金 年度旅游 弹性时间,114.062189,22.567856,2000人以上,不需要融资,4号线/龙华线_莲花北;4号线/龙华线_上梅林;9号线_梅村;9号线_上梅林;9号线_I岭
深圳市大寰机器人科技有限公司,python开发工程师,3-5年,本科,深圳,10k-16k,五险一金，年底双薪，带薪年假，公司气氛好,113.944215,22.527319,少于15人,天使轮,1号线/罗宝线_深大;2号线/蛇口线_后海;2号线/蛇口线_科苑;11号线/机场线_后海
人人贷商务顾问（北京）有限公司,Python量化开发工程师,3-5年,本科,深圳,15k-26k,"薪资福利好,发展空间大,团队优秀",113.953082,22.540941,2000人以上,A轮,1号线/罗宝线_白石洲;1号线/罗宝线_高新园;1号线/罗宝线_深大
顺丰科技有限公司,KQY-Python/Golang开发工程师,3-5年,本科,深圳,15k-30k,弹性工作时间 发展空间大 午餐补贴,113.937987,22.523392,2000人以上,不需要融资,2号线/蛇口线_后海;2号线/蛇口线_科苑;11号线/机场线_南山;11号线/机场线_后海
深圳市明源云客电子商务有限公司,Python高级开发工程师,3-5年,本科,深圳,15k-30k,"精英团队,技术驱动,极客氛围,行业独角兽",113.95257,22.5379,2000人以上,上市公司,1号线/罗宝线_高新园;1号线/罗宝线_深大;2号线/蛇口线_科苑
智言科技(深圳)有限公司,Python开发工程师,3-5年,本科,深圳,10k-20k,"海归团队,成长空简大,薪酬福利好,扁平管理",113.946947,22.53064,50-150人,A轮,1号线/罗宝线_高新园;1号线/罗宝线_深大;2号线/蛇口线_后海;2号线/蛇口线_科苑;11号线/机场线_后海
腾讯科技（深圳）有限公司,监控系统开发工程师-Python&amp;Go,3-5年,本科,深圳,16k-30k,发展前景,113.93362,22.540719,2000人以上,上市公司,1号线/罗宝线_深大;1号线/罗宝线_桃园
平安科技（深圳）有限公司,11217M-资深python开发（平安云）,5-10年,本科,深圳,18k-30k,"五险一金,绩效奖金",113.993578,22.99368,2000人以上,不需要融资,
北京国双科技有限公司,高级Python研发工程师,1-3年,本科,深圳,13k-25k,上市公司、团队管理、发挥空间、福利优厚,114.068588,22.543462,500-2000人,上市公司,1号线/罗宝线_岗厦;1号线/罗宝线_会展中心;2号线/蛇口线_市民中心;2号线/蛇口线_岗厦北;3号线/龙岗线_少年宫;3号线/龙岗线_莲花村;4号线/龙华线_会展中心;4号线/龙华线_市民中心;4号线/龙华线_少年宫
深圳市微课科技有限公司,初级Python开发工程师,1-3年,大专,深圳,10k-15k,年轻团队，专人带领,113.93977,22.523159,50-150人,A轮,2号线/蛇口线_后海;2号线/蛇口线_科苑;11号线/机场线_后海
深圳小步网络科技有限公司,Python后台开发工程师,3-5年,本科,深圳,15k-30k,"待遇优厚,成长空间大,弹性上班,下午茶",113.870862,22.562663,150-500人,B轮,1号线/罗宝线_宝体;1号线/罗宝线_坪洲;11号线/机场线_宝安
深圳华秋电子有限公司,Python高级开发/爬虫工程师,3-5年,本科,深圳,15k-18k,"公司背景好,福利好,实力雄厚",114.064425,22.568873,150-500人,B轮,4号线/龙华线_莲花北;4号线/龙华线_上梅林;9号线_梅村;9号线_上梅林;9号线_I岭
深圳市兴海物联科技有限公司,python后端工程师,1-3年,本科,深圳,12k-15k,平台大，资源多，发展空间大，扁平化管理,113.952495,22.533498,150-500人,不需要融资,1号线/罗宝线_高新园;1号线/罗宝线_深大;2号线/蛇口线_科苑
深圳市立新出行信息技术有限公司,Python后台开发工程师,3-5年,本科,深圳,25k-35k,"周末双休,五险一金,自助零食,领导好",113.885865,22.547034,50-150人,不需要融资,1号线/罗宝线_新安;1号线/罗宝线_宝安中心;5号线/环中线_临海;5号线/环中线_宝华;5号线/环中线_宝安中心;11号线/机场线_宝安
深圳晶泰科技有限公司,Python后端工程师,1-3年,本科,深圳,10k-20k,扁平化管理，海归精英团队，薪酬福利优,114.023823,22.537003,50-150人,B轮,1号线/罗宝线_车公庙;1号线/罗宝线_竹子林;7号线_农林;7号线_车公庙;9号线_下沙;9号线_车公庙;11号线/机场线_车公庙
北京市商汤科技开发有限公司,Python后端工程师,5-10年,本科,深圳,20k-40k,人工智能,113.920038,22.494927,2000人以上,C轮,2号线/蛇口线_海上世界;2号线/蛇口线_水湾;2号线/蛇口线_东角头
深圳德里克设备有限公司,python后台研发工程师,5-10年,本科,深圳,30k-50k,14薪、行业大咖、人工智能,113.923552,22.528499,150-500人,不需要融资,1号线/罗宝线_桃园;1号线/罗宝线_大新;11号线/机场线_南山
深圳永安在线科技有限公司,python后台开发工程师（中级）,3-5年,本科,深圳,17k-25k,"报酬丰厚,氛围好,福利好,晋升空间大",113.946011,22.545669,50-150人,A轮,1号线/罗宝线_高新园;1号线/罗宝线_深大
风变科技（深圳）有限公司,Python课程研发,不限,本科,深圳,8k-16k,团队氛围融洽、用户体验、六险一金,113.946882,22.546157,150-500人,A轮,1号线/罗宝线_高新园;1号线/罗宝线_深大
深圳市有光科技有限公司,高级Python后端开发工程师,3-5年,本科,深圳,15k-25k,明星创业团队，弹性工作制，福利超预期,113.942942,22.509846,50-150人,A轮,2号线/蛇口线_海月;2号线/蛇口线_登良;2号线/蛇口线_后海;11号线/机场线_后海
深圳腾语科技有限公司,Python老师,1-3年,不限,深圳,10k-18k,自由、氛围好、年轻有活力、成长晋升,113.930836,22.529776,50-150人,A轮,1号线/罗宝线_桃园;11号线/机场线_南山
